CD_setor;V01006;V01007;V01008;V01009;V01010;V01011;V01012;V01013;V01014;V01015;V01016;V01017;V01018;V01019;V01020;V01021;V01022;V01023;V01024;V01025;V01026;V01027;V01028;V01029;V01030;V01031;V01032;V01033;V01034;V01035;V01036;V01037;V01038;V01039;V01040;V01041
352440205000001;211;99;112;5;3;4;6;11;8;12;15;9;13;13;4;6;6;3;4;4;17;17;6;20;25;9;9;10;9;15;12;29;32;15;33;38
352440205000004;382;176;206;10;7;5;11;6;10;33;23;19;29;23;7;5;7;6;12;16;32;24;29;28;40;17;12;12;17;18;26;65;47;48;57;63
352440205000005;196;82;114;X;3;X;3;4;6;11;6;15;14;16;7;X;X;5;11;7;12;10;8;19;31;9;5;4;8;15;13;23;16;23;33;47
352440205000007;566;251;315;11;10;9;9;15;17;43;31;33;37;36;9;11;17;19;10;20;28;44;42;55;60;20;21;26;28;25;37;71;75;75;92;96
352440205000008;261;113;148;6;5;7;5;6;3;17;27;8;18;11;7;9;13;9;7;7;29;21;12;19;15;13;14;20;14;13;10;46;48;20;37;26
352440205000009;311;124;187;4;X;4;11;8;12;15;18;19;10;21;X;X;6;4;12;8;16;23;18;26;70;6;4;10;15;20;20;31;41;37;36;91
352440205000010;219;107;112;8;3;6;4;7;5;14;14;14;12;20;0;3;4;3;3;5;15;11;15;17;36;8;6;10;7;10;10;29;25;29;29;56
352440205000013;614;276;338;17;15;20;15;14;16;36;45;34;23;41;14;12;15;17;17;18;45;41;50;39;70;31;27;35;32;31;34;81;86;84;62;111
352440205000014;593;247;346;21;9;14;12;16;16;32;24;45;30;28;9;15;20;24;16;19;38;37;49;46;73;30;24;34;36;32;35;70;61;94;76;101
352440205000015;493;222;271;12;8;10;19;15;18;21;32;25;34;28;8;13;8;12;14;16;28;48;33;44;47;20;21;18;31;29;34;49;80;58;78;75
352440205000016;384;175;209;7;12;15;11;9;13;32;26;31;12;7;13;12;5;13;16;20;31;35;34;11;19;20;24;20;24;25;33;63;61;65;23;26
352440205000017;680;310;370;11;15;20;12;25;13;43;45;44;45;37;14;29;11;14;18;28;43;48;39;58;68;25;44;31;26;43;41;86;93;83;103;105
352440205000018;559;259;300;7;19;17;12;22;24;28;30;34;33;33;8;11;14;13;12;21;34;42;51;46;48;15;30;31;25;34;45;62;72;85;79;81
352440205000019;407;189;218;14;8;14;9;11;13;20;26;31;23;20;4;3;10;14;20;10;17;27;35;35;43;18;11;24;23;31;23;37;53;66;58;63
352440205000020;X;X;X;X;X;X;X;X;X;X;X;X;X;X;X;X;X;X;X;X;X;X;X;X;X;X;X;X;X;X;X;X;X;X;X;X
352440205000023;298;141;157;6;7;8;9;20;6;12;10;27;23;13;3;8;11;9;10;9;16;24;26;18;23;9;15;19;18;30;15;28;34;53;41;36
352440205000024;453;206;247;11;10;10;16;13;13;29;22;31;18;33;11;15;8;17;17;12;30;39;32;30;36;22;25;18;33;30;25;59;61;63;48;69
352440205000025;341;152;189;4;8;9;11;9;13;25;17;19;19;18;7;5;5;12;10;15;19;31;32;21;32;11;13;14;23;19;28;44;48;51;40;50
352440205000027;767;367;400;14;14;31;32;28;27;47;51;46;40;37;16;21;12;27;28;15;42;67;54;55;63;30;35;43;59;56;42;89;118;100;95;100
352440205000029;771;341;430;30;25;36;41;30;26;60;38;25;21;9;36;34;29;26;34;42;70;49;50;35;25;66;59;65;67;64;68;130;87;75;56;34
352440205000030;689;293;396;32;29;21;20;27;31;45;27;29;27;5;23;26;29;25;30;42;56;41;71;36;17;55;55;50;45;57;73;101;68;100;63;22
352440205000031;84;41;43;X;5;3;3;4;X;5;3;6;4;4;3;X;3;4;3;X;7;8;3;4;4;5;7;6;7;7;4;12;11;9;8;8
352440205000032;220;99;121;X;10;X;5;8;9;7;12;13;15;16;7;4;4;X;X;9;10;19;17;14;33;9;14;6;7;10;18;17;31;30;29;49
352440205000036;460;197;263;5;9;11;14;12;15;27;29;27;29;19;9;20;15;10;18;17;21;35;37;40;41;14;29;26;24;30;32;48;64;64;69;60
352440205000037;573;260;313;7;11;14;11;15;10;33;36;38;42;43;11;7;4;12;15;15;38;30;50;51;80;18;18;18;23;30;25;71;66;88;93;123
352440205000040;443;222;221;14;19;23;24;22;23;29;18;17;23;10;11;15;26;21;18;17;34;23;32;17;7;25;34;49;45;40;40;63;41;49;40;17
352440205000045;616;297;319;16;14;17;16;15;12;45;37;54;28;43;7;13;17;14;12;13;38;38;51;55;61;23;27;34;30;27;25;83;75;105;83;104
352440205000046;717;358;359;11;16;19;23;18;19;44;51;50;51;56;11;13;12;13;15;22;38;46;57;58;74;22;29;31;36;33;41;82;97;107;109;130
352440205000047;469;230;239;6;16;14;13;12;20;24;29;38;28;30;8;14;11;11;8;13;26;33;34;41;40;14;30;25;24;20;33;50;62;72;69;70
352440205000048;586;276;310;9;11;10;21;27;11;31;39;39;35;43;13;8;17;10;19;8;28;51;45;42;69;22;19;27;31;46;19;59;90;84;77;112
352440205000049;410;174;236;14;12;11;8;11;10;23;19;26;23;17;5;8;15;15;8;15;31;35;31;36;37;19;20;26;23;19;25;54;54;57;59;54
352440205000050;392;174;218;15;9;X;12;11;15;24;23;26;16;21;11;12;7;10;16;11;25;29;31;33;33;26;21;9;22;27;26;49;52;57;49;54
352440205000055;631;304;327;8;21;18;18;22;24;43;38;43;35;34;11;18;18;21;14;32;43;40;49;42;39;19;39;36;39;36;56;86;78;92;77;73
352440205000056;513;231;282;12;12;11;12;12;8;29;44;36;31;24;14;13;15;16;16;12;33;40;36;39;48;26;25;26;28;28;20;62;84;72;70;72
352440205000057;489;218;271;6;6;7;23;12;21;34;30;32;24;23;10;18;17;17;19;14;38;31;38;33;36;16;24;24;40;31;35;72;61;70;57;59
352440205000058;422;205;217;10;19;6;16;12;12;27;21;27;23;32;4;12;13;11;11;13;26;31;32;25;39;14;31;19;27;23;25;53;52;59;48;71
352440205000059;489;247;242;16;13;12;15;19;28;40;34;27;24;19;11;23;12;13;14;18;32;34;27;32;26;27;36;24;28;33;46;72;68;54;56;45
352440205000060;546;250;296;14;17;10;11;14;19;35;31;39;28;32;13;10;16;15;10;22;40;33;50;49;38;27;27;26;26;24;41;75;64;89;77;70
352440205000062;845;386;459;19;24;30;28;26;25;58;57;55;46;18;23;36;25;23;46;26;60;72;69;48;31;42;60;55;51;72;51;118;129;124;94;49
352440205000063;540;252;288;16;15;10;20;21;20;48;28;39;26;9;19;18;20;13;23;24;43;39;46;33;10;35;33;30;33;44;44;91;67;85;59;19
352440205000064;596;283;313;14;11;19;14;22;15;43;43;32;42;28;18;13;20;14;20;15;44;44;49;52;24;32;24;39;28;42;30;87;87;81;94;52
352440205000066;264;127;137;5;7;7;8;10;8;10;20;20;23;9;8;5;8;6;7;7;23;18;20;22;13;13;12;15;14;17;15;33;38;40;45;22
352440205000067;399;188;211;5;10;11;12;9;5;34;31;19;31;21;6;12;6;15;12;7;23;29;30;43;28;11;22;17;27;21;12;57;60;49;74;49
352440205000068;420;188;232;4;7;8;12;17;15;17;21;30;28;29;5;7;11;8;16;11;27;22;36;38;51;9;14;19;20;33;26;44;43;66;66;80
352440205000070;455;194;261;6;7;11;8;7;18;21;22;34;30;30;6;8;12;13;15;9;40;24;51;39;44;12;15;23;21;22;27;61;46;85;69;74
352440205000071;625;299;326;10;10;11;12;20;24;42;41;39;55;35;8;15;9;16;19;20;39;37;52;57;54;18;25;20;28;39;44;81;78;91;112;89
352440205000072;459;207;252;11;8;14;11;18;18;17;28;26;26;30;6;12;11;15;16;9;34;35;34;39;41;17;20;25;26;34;27;51;63;60;65;71
352440205000073;422;195;227;4;X;14;15;8;15;19;29;32;29;28;6;9;9;10;13;11;29;33;35;39;33;10;11;23;25;21;26;48;62;67;68;61
352440205000076;601;284;317;11;15;12;11;18;13;32;51;49;41;31;10;12;16;14;21;12;48;52;37;47;48;21;27;28;25;39;25;80;103;86;88;79
352440205000078;738;379;359;21;30;34;31;33;18;59;40;47;45;21;17;19;17;24;24;30;53;48;59;41;27;38;49;51;55;57;48;112;88;106;86;48
352440205000079;743;365;378;14;30;18;24;28;33;50;53;41;47;27;15;21;21;17;19;21;50;63;64;55;32;29;51;39;41;47;54;100;116;105;102;59
352440205000080;479;230;249;8;12;15;15;9;16;37;36;35;30;17;11;13;16;13;19;13;37;34;35;35;23;19;25;31;28;28;29;74;70;70;65;40
352440205000081;719;360;359;9;19;22;25;24;26;43;53;52;36;51;12;9;17;16;23;19;35;60;61;51;56;21;28;39;41;47;45;78;113;113;87;107
352440205000082;665;307;358;10;16;17;21;28;16;34;42;44;28;51;10;15;11;9;18;12;50;52;61;53;67;20;31;28;30;46;28;84;94;105;81;118
352440205000083;475;209;266;8;13;14;7;10;15;28;29;30;27;28;10;8;12;10;20;5;28;37;42;27;67;18;21;26;17;30;20;56;66;72;54;95
352440205000084;417;193;224;6;6;11;17;9;10;21;26;20;33;34;6;9;X;7;13;10;23;26;32;48;49;12;15;12;24;22;20;44;52;52;81;83
352440205000085;514;233;281;11;16;12;13;11;13;36;41;24;29;27;11;19;12;13;17;21;37;31;46;29;45;22;35;24;26;28;34;73;72;70;58;72
352440205000086;406;193;213;9;18;5;8;7;14;29;23;27;31;22;4;5;9;3;24;11;24;21;42;37;33;13;23;14;11;31;25;53;44;69;68;55
352440205000087;399;197;202;5;4;15;8;11;8;37;29;36;23;21;3;6;3;6;11;8;34;19;50;28;34;8;10;18;14;22;16;71;48;86;51;55
352440205000088;441;213;228;11;9;11;11;12;16;20;28;37;32;26;8;17;11;5;11;15;25;33;36;30;37;19;26;22;16;23;31;45;61;73;62;63
352440205000091;688;332;356;11;22;22;15;29;20;33;53;48;41;38;24;19;25;18;24;16;45;46;49;49;41;35;41;47;33;53;36;78;99;97;90;79
352440205000092;582;265;317;10;14;14;18;17;21;36;41;40;36;18;8;13;16;10;26;19;40;52;52;42;39;18;27;30;28;43;40;76;93;92;78;57
352440205000093;605;296;309;16;25;20;15;22;26;30;44;41;35;22;12;19;15;14;19;21;35;57;37;47;33;28;44;35;29;41;47;65;101;78;82;55
352440205000094;489;227;262;8;23;12;13;20;14;39;35;25;22;16;12;15;20;17;13;22;31;35;37;29;31;20;38;32;30;33;36;70;70;62;51;47
352440205000095;537;252;285;11;18;9;25;19;10;29;39;35;30;27;10;14;14;12;17;16;39;46;42;41;34;21;32;23;37;36;26;68;85;77;71;61
352440205000096;894;457;437;36;30;29;33;47;37;69;47;69;46;14;20;18;23;34;34;33;64;60;69;62;20;56;48;52;67;81;70;133;107;138;108;34
352440205000097;730;347;383;15;31;25;27;14;30;52;55;38;40;20;30;24;17;30;37;24;54;52;52;48;15;45;55;42;57;51;54;106;107;90;88;35
352440205000103;369;181;188;11;16;10;11;7;11;25;31;20;24;15;7;9;16;10;10;10;30;27;33;22;14;18;25;26;21;17;21;55;58;53;46;29
352440205000106;350;160;190;6;11;7;9;8;18;27;22;24;11;17;10;11;5;5;10;27;39;20;24;22;17;16;22;12;14;18;45;66;42;48;33;34
352440205000109;871;419;452;22;19;34;35;26;35;56;70;54;41;27;22;34;22;17;36;34;79;71;58;45;34;44;53;56;52;62;69;135;141;112;86;61
352440205000112;685;343;342;18;24;26;26;30;25;57;37;40;33;27;22;14;26;17;25;29;40;47;56;46;20;40;38;52;43;55;54;97;84;96;79;47
352440205000113;765;365;400;18;15;33;26;24;21;56;49;48;44;31;24;19;17;28;29;28;60;64;47;60;24;42;34;50;54;53;49;116;113;95;104;55
352440205000116;830;403;427;16;34;26;29;34;31;49;65;57;36;26;14;31;24;29;29;25;71;64;61;49;30;30;65;50;58;63;56;120;129;118;85;56
352440205000117;758;373;385;19;25;30;32;24;33;54;52;46;35;23;21;16;19;27;33;32;64;48;56;44;25;40;41;49;59;57;65;118;100;102;79;48
352440205000118;598;306;292;17;13;19;22;27;24;40;44;37;27;36;11;8;19;14;28;16;33;51;44;40;28;28;21;38;36;55;40;73;95;81;67;64
352440205000119;471;235;236;11;14;18;21;18;19;29;28;27;31;19;8;23;8;14;8;16;47;24;36;26;26;19;37;26;35;26;35;76;52;63;57;45
352440205000120;913;450;463;24;34;29;37;31;38;74;66;46;36;35;26;31;29;29;27;30;72;72;56;53;38;50;65;58;66;58;68;146;138;102;89;73
352440205000127;780;386;394;22;34;28;42;28;29;49;54;55;29;16;25;34;30;31;29;22;61;60;43;42;17;47;68;58;73;57;51;110;114;98;71;33
352440205000129;566;287;279;19;24;19;24;22;14;52;37;24;36;16;14;25;17;19;17;21;49;40;27;29;21;33;49;36;43;39;35;101;77;51;65;37
352440205000133;467;208;259;7;17;15;7;13;22;44;31;20;23;9;11;14;11;15;18;16;39;48;35;23;29;18;31;26;22;31;38;83;79;55;46;38
352440205000136;550;265;285;7;15;16;30;21;18;38;45;37;23;15;13;14;9;17;19;19;43;49;41;36;25;20;29;25;47;40;37;81;94;78;59;40
352440205000139;567;259;308;8;13;14;16;20;17;33;45;31;24;38;9;15;25;16;19;13;43;42;34;52;40;17;28;39;32;39;30;76;87;65;76;78
352440205000140;439;201;238;14;6;14;12;8;10;29;34;26;21;27;8;6;14;15;13;9;29;38;31;40;35;22;12;28;27;21;19;58;72;57;61;62
352440205000141;435;200;235;14;8;6;12;18;11;34;34;22;23;18;11;12;13;16;15;14;39;36;16;37;26;25;20;19;28;33;25;73;70;38;60;44
352440205000142;504;245;259;10;21;12;13;17;19;36;43;29;23;22;7;13;9;17;14;15;35;49;32;31;37;17;34;21;30;31;34;71;92;61;54;59
352440205000143;475;232;243;X;7;23;X;22;18;29;40;37;25;27;5;15;7;6;15;12;27;37;41;39;39;7;22;30;8;37;30;56;77;78;64;66
352440205000144;759;366;393;19;29;24;19;25;22;60;61;43;33;31;15;17;26;20;24;19;68;61;50;56;37;34;46;50;39;49;41;128;122;93;89;68
352440205000147;654;319;335;9;14;16;17;20;22;34;43;48;36;60;14;14;17;14;14;10;33;41;43;55;80;23;28;33;31;34;32;67;84;91;91;140
352440205000148;554;251;303;15;14;14;17;16;16;33;30;30;31;35;14;15;19;13;25;16;34;41;34;45;47;29;29;33;30;41;32;67;71;64;76;82
352440205000149;458;228;230;12;11;5;11;14;18;31;34;37;26;29;6;13;8;12;15;12;25;27;32;42;38;18;24;13;23;29;30;56;61;69;68;67
352440205000150;693;341;352;19;18;29;24;26;31;48;45;32;38;31;17;16;17;30;24;19;58;39;41;55;36;36;34;46;54;50;50;106;84;73;93;67
352440205000151;519;245;274;10;13;18;12;22;22;35;38;26;24;25;15;12;15;18;17;18;29;44;40;38;28;25;25;33;30;39;40;64;82;66;62;53
352440205000152;474;228;246;13;7;8;7;19;21;37;33;41;26;16;12;8;8;11;14;23;34;50;47;23;16;25;15;16;18;33;44;71;83;88;49;32
352440205000153;470;231;239;14;11;14;15;15;14;41;29;29;26;23;11;16;12;13;15;14;35;24;34;31;34;25;27;26;28;30;28;76;53;63;57;57
352440205000154;327;159;168;6;10;9;11;12;11;27;22;19;15;17;11;4;13;7;17;12;24;23;21;20;16;17;14;22;18;29;23;51;45;40;35;33
352440205000158;802;395;407;18;16;26;31;31;36;47;61;65;47;17;20;18;30;27;23;29;62;60;78;42;18;38;34;56;58;54;65;109;121;143;89;35
352440205000159;705;343;362;25;19;18;28;35;45;42;49;43;29;10;23;17;23;17;38;28;48;45;83;22;18;48;36;41;45;73;73;90;94;126;51;28
352440205000161;882;415;467;33;34;29;32;37;35;77;43;55;23;17;37;35;33;37;45;44;55;58;73;26;24;70;69;62;69;82;79;132;101;128;49;41
352440205000162;40;19;21;0;0;3;4;X;X;4;X;X;X;X;3;3;X;0;X;3;X;3;X;X;X;3;3;5;4;X;5;6;5;X;3;X
352440205000163;840;420;420;27;38;35;35;37;34;63;62;43;28;18;41;27;23;37;36;33;55;66;48;34;20;68;65;58;72;73;67;118;128;91;62;38
352440205000164;458;211;247;7;13;20;8;14;9;27;37;18;40;18;10;14;17;11;13;18;35;40;26;38;25;17;27;37;19;27;27;62;77;44;78;43
352440205000165;475;225;250;9;12;10;13;13;18;36;29;24;35;26;4;16;13;12;11;13;42;32;37;41;29;13;28;23;25;24;31;78;61;61;76;55
352440205000166;477;244;233;13;44;25;16;5;4;21;69;29;13;5;15;19;29;11;6;5;33;72;22;12;9;28;63;54;27;11;9;54;141;51;25;14
352440205000167;626;287;339;10;15;17;15;19;15;42;38;35;47;34;12;15;16;13;25;16;37;53;50;57;45;22;30;33;28;44;31;79;91;85;104;79
352440205000170;414;187;227;14;17;14;15;10;15;26;27;19;16;14;9;17;17;13;11;17;31;36;22;34;20;23;34;31;28;21;32;57;63;41;50;34
352440205000172;524;236;288;5;14;13;15;17;14;32;38;21;39;28;11;11;10;12;16;14;25;52;50;43;44;16;25;23;27;33;28;57;90;71;82;72
352440205000173;585;264;321;17;13;19;20;22;14;30;42;30;31;26;11;13;11;27;27;13;36;59;38;33;53;28;26;30;47;49;27;66;101;68;64;79
352440205000174;547;256;291;11;17;10;16;19;16;40;28;30;37;32;6;17;12;18;28;11;36;32;42;48;41;17;34;22;34;47;27;76;60;72;85;73
352440205000185;372;192;180;13;14;12;8;17;13;25;34;23;22;11;7;8;10;16;13;12;31;32;26;14;11;20;22;22;24;30;25;56;66;49;36;22
352440205000187;765;376;389;18;23;17;33;33;26;41;53;58;43;31;20;25;20;24;27;24;54;53;63;42;37;38;48;37;57;60;50;95;106;121;85;68
352440205000195;839;394;445;22;27;28;23;29;30;65;60;39;51;20;22;25;31;43;26;26;67;71;47;54;33;44;52;59;66;55;56;132;131;86;105;53
352440205000196;891;441;450;24;27;39;35;36;35;76;55;61;39;14;27;26;33;32;38;25;74;59;64;43;29;51;53;72;67;74;60;150;114;125;82;43
352440205000197;918;458;460;31;33;27;34;42;38;59;80;56;33;25;21;30;31;34;41;37;71;64;57;51;23;52;63;58;68;83;75;130;144;113;84;48
352440205000198;606;296;310;20;12;23;24;17;24;50;44;39;24;19;18;21;24;14;22;24;50;37;25;47;28;38;33;47;38;39;48;100;81;64;71;47
352440205000199;1013;506;507;20;46;42;41;41;42;88;57;57;48;24;29;40;48;28;27;45;70;77;74;53;16;49;86;90;69;68;87;158;134;131;101;40
352440205000201;792;399;393;21;18;19;39;31;32;68;43;58;44;26;24;25;18;26;27;26;52;58;62;43;32;45;43;37;65;58;58;120;101;120;87;58
352440205000202;375;163;212;8;9;7;14;9;16;13;19;23;21;24;14;11;9;12;14;15;23;26;25;35;28;22;20;16;26;23;31;36;45;48;56;52
352440205000203;70;34;36;X;X;X;3;5;4;6;4;3;4;X;X;0;X;6;4;0;X;9;3;4;5;X;X;4;9;9;4;8;13;6;8;6
352440205000205;447;226;221;8;13;22;15;14;13;22;46;39;21;13;11;11;19;8;11;11;25;50;40;22;13;19;24;41;23;25;24;47;96;79;43;26
352440205000208;542;271;271;15;13;9;24;24;22;44;33;39;28;20;10;12;20;12;19;17;39;36;46;34;26;25;25;29;36;43;39;83;69;85;62;46
352440205000211;512;257;255;27;13;13;21;19;19;34;30;38;24;19;15;13;18;18;15;24;39;28;34;32;19;42;26;31;39;34;43;73;58;72;56;38
352440205000213;339;171;168;9;9;15;10;10;16;23;33;18;18;10;7;8;4;9;11;20;30;21;27;15;16;16;17;19;19;21;36;53;54;45;33;26
352440205000214;257;124;133;7;9;6;14;9;13;11;15;17;18;5;9;7;6;8;12;8;18;14;20;24;7;16;16;12;22;21;21;29;29;37;42;12
352440205000217;649;303;346;21;18;22;29;15;25;45;48;35;23;22;15;22;26;32;23;21;59;51;42;32;23;36;40;48;61;38;46;104;99;77;55;45
352440205000220;476;205;271;7;9;8;9;14;8;29;27;30;34;30;7;11;7;16;17;9;33;39;43;49;40;14;20;15;25;31;17;62;66;73;83;70
352440205000222;611;282;329;7;11;22;18;25;20;33;46;39;37;24;16;16;14;27;20;20;38;50;54;49;25;23;27;36;45;45;40;71;96;93;86;49
352440205000225;850;418;432;26;31;35;28;37;29;59;63;66;29;15;24;25;23;36;34;26;69;82;61;30;22;50;56;58;64;71;55;128;145;127;59;37
352440205000232;892;420;472;28;31;40;29;39;33;48;66;62;33;11;34;41;36;40;34;34;56;74;59;47;17;62;72;76;69;73;67;104;140;121;80;28
352440205000234;387;211;176;11;14;14;10;11;14;32;35;26;24;20;5;16;15;12;10;10;30;22;20;19;17;16;30;29;22;21;24;62;57;46;43;37
352440205000235;289;155;134;9;3;6;12;10;8;15;23;33;21;15;X;11;5;7;15;4;19;20;23;16;12;11;14;11;19;25;12;34;43;56;37;27
352440205000236;416;221;195;10;15;14;15;12;15;29;24;39;34;14;11;12;12;14;12;17;25;34;29;20;9;21;27;26;29;24;32;54;58;68;54;23
352440205000237;472;254;218;10;14;14;11;17;11;34;34;38;41;30;17;12;17;10;14;12;27;31;38;23;17;27;26;31;21;31;23;61;65;76;64;47
352440205000239;196;109;87;5;8;15;3;11;7;13;17;12;14;4;0;8;6;4;5;9;17;17;11;10;0;5;16;21;7;16;16;30;34;23;24;4
352440205000242;50;22;28;X;0;X;0;X;3;X;X;5;5;X;X;X;0;X;X;0;5;4;6;4;5;X;X;X;X;3;3;7;5;11;9;7
352440205000243;269;113;156;5;X;X;8;9;9;13;14;20;15;17;5;5;X;12;6;10;17;20;25;28;26;10;7;3;20;15;19;30;34;45;43;43
352440205000245;177;67;110;3;X;3;4;6;7;11;10;11;5;5;6;X;5;5;8;5;13;13;17;17;19;9;4;8;9;14;12;24;23;28;22;24
352440205000246;46;22;24;0;0;0;X;0;4;X;4;X;4;4;0;X;0;X;X;0;X;4;3;7;5;0;X;0;3;X;4;3;8;5;11;9
352440205000250;210;85;125;3;4;X;X;3;4;13;23;9;9;13;3;7;4;4;9;6;13;18;16;13;32;6;11;6;6;12;10;26;41;25;22;45
352440205000253;292;125;167;3;8;10;11;9;7;16;18;22;8;13;6;8;5;11;7;10;18;27;24;20;31;9;16;15;22;16;17;34;45;46;28;44
352440205000256;311;152;159;5;10;5;14;8;7;22;20;17;23;21;8;7;4;8;8;8;19;13;18;32;34;13;17;9;22;16;15;41;33;35;55;55
352440205000257;418;194;224;5;4;7;10;10;15;24;28;33;25;33;3;8;19;8;15;13;22;30;44;31;31;8;12;26;18;25;28;46;58;77;56;64
352440205000259;344;166;178;9;7;10;10;8;16;17;22;29;19;19;7;8;8;7;14;9;20;27;25;21;32;16;15;18;17;22;25;37;49;54;40;51
352440205000260;141;71;70;X;5;4;6;4;6;9;8;12;9;6;X;X;X;4;X;4;11;10;12;10;11;4;7;6;10;6;10;20;18;24;19;17
352440205000263;388;178;210;7;11;11;13;11;11;18;26;25;22;23;9;11;16;9;8;7;24;31;42;20;33;16;22;27;22;19;18;42;57;67;42;56
352440205000267;233;123;110;7;8;11;7;14;11;19;15;13;10;8;8;5;3;8;5;13;13;17;14;13;11;15;13;14;15;19;24;32;32;27;23;19
352440205000271;647;327;320;26;29;27;27;23;24;40;54;42;29;6;22;23;17;24;18;33;46;56;38;30;13;48;52;44;51;41;57;86;110;80;59;19
352440205000274;211;103;108;8;5;9;11;8;4;16;11;12;12;7;6;13;9;7;8;8;15;16;9;8;9;14;18;18;18;16;12;31;27;21;20;16
352440205000275;88;45;43;X;3;5;X;3;X;15;6;4;0;4;X;X;4;4;4;4;10;3;7;X;X;4;5;9;5;7;6;25;9;11;X;6
352440205000282;289;140;149;9;13;11;8;3;7;35;33;9;8;4;12;11;13;6;3;7;38;35;11;9;4;21;24;24;14;6;14;73;68;20;17;8
352440205000284;581;262;319;16;9;22;16;11;12;41;48;31;36;20;18;19;16;21;18;12;45;49;47;35;39;34;28;38;37;29;24;86;97;78;71;59
352440205000288;523;251;272;21;27;25;18;16;19;57;32;26;6;4;21;22;20;20;21;24;49;44;30;11;10;42;49;45;38;37;43;106;76;56;17;14
352440205000297;X;X;X;X;X;X;X;X;X;X;X;X;X;X;X;X;X;X;X;X;X;X;X;X;X;X;X;X;X;X;X;X;X;X;X;X
352440205000312;94;47;47;X;0;3;3;X;5;4;9;5;9;6;4;4;6;X;4;X;10;4;4;5;3;5;4;9;5;6;6;14;13;9;14;9
352440205000313;94;52;42;X;3;5;5;X;X;10;10;8;X;5;4;X;X;3;4;X;9;X;4;7;5;5;5;6;8;6;X;19;12;12;9;10
352440205000320;136;82;54;3;5;8;X;5;7;9;14;11;10;9;X;3;4;4;X;X;9;9;5;10;6;5;8;12;5;6;8;18;23;16;20;15
352440205000321;X;X;X;X;X;X;X;X;X;X;X;X;X;X;X;X;X;X;X;X;X;X;X;X;X;X;X;X;X;X;X;X;X;X;X;X
352440205000333;46;24;22;X;X;3;4;X;X;4;4;X;X;X;X;4;0;3;X;X;6;X;0;3;0;3;5;3;7;X;4;10;5;X;4;X
352440205000339;288;133;155;12;10;15;11;13;6;20;24;12;8;X;11;18;17;16;5;13;22;22;13;11;7;23;28;32;27;18;19;42;46;25;19;9
352440205000340;749;379;370;28;22;27;28;43;26;56;49;53;27;20;21;31;32;19;40;26;52;53;43;30;23;49;53;59;47;83;52;108;102;96;57;43
352440205000341;422;222;200;17;17;18;22;27;18;22;25;28;18;10;12;18;10;17;23;15;25;32;24;17;7;29;35;28;39;50;33;47;57;52;35;17
352440205000348;885;433;452;38;31;31;52;40;42;81;44;38;22;14;28;39;44;37;48;27;70;51;55;35;18;66;70;75;89;88;69;151;95;93;57;32
352440205000350;171;94;77;4;5;8;3;6;5;13;18;15;8;9;X;6;4;6;4;X;15;14;13;7;6;5;11;12;9;10;6;28;32;28;15;15
352440205000360;X;X;X;X;X;X;X;X;X;X;X;X;X;X;X;X;X;X;X;X;X;X;X;X;X;X;X;X;X;X;X;X;X;X;X;X
352440205000361;302;165;137;6;10;11;13;14;5;17;25;27;20;17;7;7;7;9;8;11;13;26;25;12;12;13;17;18;22;22;16;30;51;52;32;29
352440205000364;299;129;170;3;9;7;6;7;4;12;21;14;16;30;X;4;7;9;7;3;17;18;33;25;46;4;13;14;15;14;7;29;39;47;41;76
352440205000365;490;229;261;5;15;11;11;12;19;37;32;32;29;26;10;10;13;12;19;22;32;40;34;27;42;15;25;24;23;31;41;69;72;66;56;68
352440205000366;478;229;249;10;12;12;13;18;12;26;27;31;29;39;13;7;10;9;15;16;25;37;37;39;41;23;19;22;22;33;28;51;64;68;68;80
352440205000367;383;168;215;13;11;14;7;14;14;27;16;21;19;12;14;19;9;10;10;20;32;25;31;24;21;27;30;23;17;24;34;59;41;52;43;33
352440205000368;556;273;283;17;14;15;17;29;20;30;32;45;37;17;11;11;16;13;22;18;44;33;55;45;15;28;25;31;30;51;38;74;65;100;82;32
352440205000370;601;282;319;21;15;18;18;18;14;47;41;41;29;20;16;18;19;20;27;13;46;57;43;36;24;37;33;37;38;45;27;93;98;84;65;44
352440205000371;634;310;324;15;25;19;31;18;25;43;64;34;18;18;15;24;21;12;18;26;52;67;40;32;17;30;49;40;43;36;51;95;131;74;50;35
352440205000372;638;303;335;17;13;17;25;17;17;26;48;49;45;29;7;16;17;31;22;15;39;55;63;37;33;24;29;34;56;39;32;65;103;112;82;62
352440205000373;556;277;279;7;14;20;20;17;17;28;42;54;42;16;13;10;15;17;14;10;37;45;53;40;25;20;24;35;37;31;27;65;87;107;82;41
352440205000374;394;194;200;11;9;14;16;8;8;20;41;32;24;11;9;15;15;11;5;3;28;52;32;17;13;20;24;29;27;13;11;48;93;64;41;24
352440205000375;361;146;215;8;12;10;7;13;12;24;23;17;13;7;5;20;12;12;14;24;38;39;21;20;10;13;32;22;19;27;36;62;62;38;33;17
352440205000376;334;143;191;12;8;10;7;9;10;43;26;10;5;3;6;16;8;11;12;27;52;29;16;10;4;18;24;18;18;21;37;95;55;26;15;7
352440205000377;597;295;302;13;17;21;22;14;16;41;44;40;32;35;6;8;9;20;19;18;36;57;43;35;51;19;25;30;42;33;34;77;101;83;67;86
352440205000378;290;136;154;4;6;9;9;9;3;19;22;21;15;19;3;7;4;6;7;11;17;22;25;24;28;7;13;13;15;16;14;36;44;46;39;47
352440205000379;579;274;305;8;17;13;21;15;19;33;51;37;27;33;8;13;18;24;15;18;29;47;48;42;43;16;30;31;45;30;37;62;98;85;69;76
352440205000380;392;180;212;3;7;8;12;9;15;29;19;36;24;18;6;X;8;12;9;17;30;25;47;27;29;9;9;16;24;18;32;59;44;83;51;47
352440205000381;554;265;289;22;14;24;18;14;11;57;50;31;13;11;18;24;20;19;14;20;59;58;25;16;16;40;38;44;37;28;31;116;108;56;29;27
352440205000382;638;309;329;15;30;27;13;19;19;61;70;30;19;6;27;19;24;23;22;26;79;59;23;20;7;42;49;51;36;41;45;140;129;53;39;13
352440205000383;582;288;294;28;22;25;20;15;15;64;49;29;13;8;18;19;21;20;19;17;75;48;36;13;8;46;41;46;40;34;32;139;97;65;26;16
352440205000384;436;223;213;25;14;20;13;11;16;48;40;24;7;5;13;13;20;11;9;21;51;42;18;8;7;38;27;40;24;20;37;99;82;42;15;12
352440205000385;483;231;252;13;25;16;18;9;12;57;49;17;10;5;16;19;20;20;15;24;60;47;16;9;6;29;44;36;38;24;36;117;96;33;19;11
352440205000386;612;310;302;17;12;14;19;18;17;45;53;37;45;33;16;19;13;9;11;20;47;47;51;39;30;33;31;27;28;29;37;92;100;88;84;63
352440205000387;382;199;183;14;11;11;3;17;34;48;27;15;13;6;8;7;4;9;16;32;41;26;17;10;13;22;18;15;12;33;66;89;53;32;23;19
352440205000388;429;196;233;5;6;7;14;11;14;17;23;36;41;22;3;11;13;21;9;11;19;36;51;40;19;8;17;20;35;20;25;36;59;87;81;41
352440205000389;364;180;184;16;11;15;8;10;10;37;25;29;15;4;14;9;9;11;7;15;37;38;26;10;8;30;20;24;19;17;25;74;63;55;25;12
352440205000390;443;222;221;19;25;17;16;7;8;44;56;19;7;4;10;24;14;16;8;15;53;53;15;7;6;29;49;31;32;15;23;97;109;34;14;10
352440205000391;373;177;196;18;19;16;7;5;6;32;40;20;10;4;9;20;18;9;11;7;43;44;15;14;6;27;39;34;16;16;13;75;84;35;24;10
352440205000392;372;170;202;10;17;12;13;8;8;25;46;19;9;3;13;20;19;10;8;7;36;51;19;16;3;23;37;31;23;16;15;61;97;38;25;6
352440205000393;380;162;218;4;9;11;12;7;10;29;27;22;14;17;8;10;18;12;12;9;33;31;35;20;30;12;19;29;24;19;19;62;58;57;34;47
352440205000394;323;128;195;6;4;6;10;4;13;26;19;18;13;9;8;3;11;7;11;17;32;27;24;28;27;14;7;17;17;15;30;58;46;42;41;36
352440205000395;246;107;139;5;11;6;4;5;14;11;13;11;15;12;4;X;9;9;9;5;15;17;17;29;23;9;13;15;13;14;19;26;30;28;44;35
352440205000396;401;190;211;12;10;5;13;12;12;26;23;22;28;27;X;11;9;8;15;13;24;33;29;38;29;14;21;14;21;27;25;50;56;51;66;56
352440205000397;581;268;313;15;11;17;19;13;20;38;39;44;29;23;9;17;25;19;22;25;39;55;42;28;32;24;28;42;38;35;45;77;94;86;57;55
352440205000398;382;180;202;8;9;8;13;14;17;34;19;29;19;10;17;9;5;9;16;15;34;31;28;17;21;25;18;13;22;30;32;68;50;57;36;31
352440205000399;414;191;223;14;15;9;14;9;20;33;32;17;18;10;14;5;15;9;24;13;40;36;32;15;20;28;20;24;23;33;33;73;68;49;33;30
352440205000400;389;187;202;9;8;12;16;18;16;17;28;39;18;6;4;10;11;8;18;14;21;36;41;25;14;13;18;23;24;36;30;38;64;80;43;20
352440205000401;334;147;187;8;9;11;7;11;6;20;16;27;16;16;9;5;7;10;14;10;17;22;22;32;39;17;14;18;17;25;16;37;38;49;48;55
352440205000402;751;365;386;19;18;22;30;24;31;48;47;58;42;26;17;23;27;26;39;28;43;69;57;34;23;36;41;49;56;63;59;91;116;115;76;49
352440205000403;207;104;103;8;8;5;12;11;7;15;14;10;11;3;3;5;4;9;7;4;19;11;20;13;8;11;13;9;21;18;11;34;25;30;24;11
352440205000404;595;309;286;14;16;16;26;23;21;47;52;35;35;24;16;16;15;11;18;17;40;44;37;41;31;30;32;31;37;41;38;87;96;72;76;55
352440205000405;683;340;343;15;32;30;21;25;29;39;65;40;16;28;25;24;24;21;23;31;49;56;39;27;24;40;56;54;42;48;60;88;121;79;43;52
352440205000406;371;161;210;8;8;12;3;5;10;25;29;23;22;16;4;13;15;8;9;14;35;21;34;29;28;12;21;27;11;14;24;60;50;57;51;44
352440205000407;376;162;214;9;9;12;10;11;16;23;34;19;13;6;X;15;9;14;21;27;30;38;24;21;13;11;24;21;24;32;43;53;72;43;34;19
352440205000408;461;215;246;9;15;9;13;17;15;24;26;29;28;30;7;6;13;6;14;15;21;44;39;35;46;16;21;22;19;31;30;45;70;68;63;76
352440205000409;409;188;221;8;6;9;11;11;15;35;26;21;19;27;11;12;11;12;13;13;26;32;36;26;29;19;18;20;23;24;28;61;58;57;45;56
352440205000410;405;198;207;6;10;10;16;12;18;14;30;31;26;25;7;7;9;11;14;7;19;33;28;27;45;13;17;19;27;26;25;33;63;59;53;70
352440205000411;424;206;218;9;9;9;11;15;8;23;35;28;24;35;8;5;6;9;8;12;25;34;31;33;47;17;14;15;20;23;20;48;69;59;57;82
352440205000412;341;147;194;9;9;10;9;8;8;34;26;19;8;7;7;7;9;9;13;20;40;25;27;20;17;16;16;19;18;21;28;74;51;46;28;24
352440205000413;332;148;184;10;7;11;5;8;14;27;21;15;14;16;6;9;7;12;12;11;22;29;24;33;19;16;16;18;17;20;25;49;50;39;47;35
352440205000415;574;286;288;10;13;17;24;18;20;21;45;50;42;26;6;11;22;13;17;12;23;54;61;42;27;16;24;39;37;35;32;44;99;111;84;53
352440205000416;257;122;135;15;10;X;5;4;27;40;14;3;X;X;13;7;9;X;11;36;37;12;6;0;X;28;17;10;7;15;63;77;26;9;X;3
352440205000417;357;172;185;23;12;8;3;4;14;70;25;5;5;3;24;9;10;9;4;29;67;25;4;X;X;47;21;18;12;8;43;137;50;9;7;5
352440205000418;414;196;218;18;9;8;15;17;48;50;25;4;X;0;21;16;8;9;27;44;67;18;5;3;0;39;25;16;24;44;92;117;43;9;5;0
352440205000419;409;196;213;17;26;19;5;5;9;42;48;15;5;5;16;18;15;10;7;14;54;35;22;10;12;33;44;34;15;12;23;96;83;37;15;17
352440205000422;252;124;128;15;9;6;4;13;22;25;20;6;3;X;13;8;5;7;18;29;28;13;4;X;X;28;17;11;11;31;51;53;33;10;5;X
352440205000423;187;92;95;16;5;7;4;7;24;22;5;X;0;0;6;11;8;X;20;16;23;5;3;0;X;22;16;15;6;27;40;45;10;5;0;X
352440205000424;215;107;108;6;3;6;15;10;15;26;13;3;X;8;12;6;3;7;12;11;29;13;7;5;3;18;9;9;22;22;26;55;26;10;7;11
352440205000425;564;261;303;20;13;16;11;20;24;52;40;28;19;18;13;19;23;19;16;34;43;47;29;32;28;33;32;39;30;36;58;95;87;57;51;46
352440205000426;321;145;176;18;5;8;6;7;26;44;22;5;3;X;14;8;11;9;13;22;61;23;10;X;3;32;13;19;15;20;48;105;45;15;5;4
352440205000427;417;185;232;6;6;11;6;14;9;33;19;30;31;20;6;14;5;10;15;11;31;22;44;48;26;12;20;16;16;29;20;64;41;74;79;46
352440205000428;243;113;130;6;7;8;7;11;8;20;16;9;10;11;8;9;5;4;6;11;26;19;16;17;9;14;16;13;11;17;19;46;35;25;27;20
352440205000429;265;127;138;4;8;X;8;4;11;15;19;24;13;19;8;3;8;9;4;6;16;20;22;20;22;12;11;10;17;8;17;31;39;46;33;41
352440205000430;680;338;342;32;26;24;17;16;24;66;61;35;21;16;18;20;26;16;25;32;79;58;29;17;22;50;46;50;33;41;56;145;119;64;38;38
352440205000431;510;240;270;10;11;18;20;12;10;23;40;41;31;24;5;6;22;14;21;12;24;55;41;26;44;15;17;40;34;33;22;47;95;82;57;68
352440205000432;336;161;175;13;15;10;12;10;8;39;30;14;4;6;7;10;5;12;11;13;45;35;16;9;12;20;25;15;24;21;21;84;65;30;13;18
352440205000433;397;183;214;3;8;11;5;11;8;31;23;23;34;26;8;9;8;10;13;9;20;31;33;33;40;11;17;19;15;24;17;51;54;56;67;66
352440205000434;576;285;291;16;13;17;28;31;17;30;56;46;23;8;7;21;23;27;19;19;32;63;42;25;13;23;34;40;55;50;36;62;119;88;48;21
352440205000435;580;282;298;12;14;14;23;24;19;33;42;53;33;15;9;12;17;26;27;16;41;47;53;34;16;21;26;31;49;51;35;74;89;106;67;31
352440205000436;422;209;213;12;17;15;11;9;10;22;53;30;21;9;11;16;22;8;8;10;30;53;30;16;9;23;33;37;19;17;20;52;106;60;37;18
352440205000437;726;371;355;23;34;22;29;24;19;38;74;59;29;20;16;20;28;24;20;16;61;74;49;29;18;39;54;50;53;44;35;99;148;108;58;38
352440205000438;473;233;240;17;8;17;20;13;11;39;40;37;24;7;10;15;16;15;15;18;34;54;33;18;12;27;23;33;35;28;29;73;94;70;42;19
352440205000439;714;348;366;28;21;24;31;28;17;54;50;38;30;27;17;19;30;26;21;19;61;68;41;39;25;45;40;54;57;49;36;115;118;79;69;52
352440205000440;819;415;404;32;36;42;28;32;31;85;59;41;16;13;28;38;26;39;22;32;85;66;36;22;10;60;74;68;67;54;63;170;125;77;38;23
352440205000441;360;168;192;11;10;9;7;7;13;57;26;11;12;5;12;18;9;6;X;16;54;29;17;17;12;23;28;18;13;9;29;111;55;28;29;17
352440205000442;418;198;220;13;20;14;7;4;9;56;45;13;11;6;19;17;13;6;3;23;65;36;16;16;6;32;37;27;13;7;32;121;81;29;27;12
352440205000443;487;244;243;31;27;16;6;11;10;86;30;14;11;X;20;16;10;15;5;20;88;30;14;13;12;51;43;26;21;16;30;174;60;28;24;14
352440205000445;755;374;381;11;31;24;22;35;26;50;55;53;36;31;9;16;25;29;21;30;48;68;63;45;27;20;47;49;51;56;56;98;123;116;81;58
352440205000446;616;279;337;10;25;8;23;28;17;35;45;45;28;15;23;24;22;15;25;16;50;49;56;32;25;33;49;30;38;53;33;85;94;101;60;40
352440205000447;630;318;312;15;22;25;25;21;26;49;46;48;33;8;13;10;19;16;20;25;47;57;52;29;24;28;32;44;41;41;51;96;103;100;62;32
352440205000448;564;278;286;14;15;21;23;15;20;40;38;41;32;19;12;16;14;15;20;22;50;47;46;31;13;26;31;35;38;35;42;90;85;87;63;32
352440205000449;657;299;358;12;19;23;26;18;15;50;40;36;38;22;21;23;22;26;19;22;53;49;50;45;28;33;42;45;52;37;37;103;89;86;83;50
352440205000450;615;301;314;10;26;17;26;26;19;37;48;48;28;16;23;16;19;29;20;22;47;47;47;31;13;33;42;36;55;46;41;84;95;95;59;29
352440205000451;473;232;241;9;6;11;9;15;21;33;29;34;36;29;8;12;18;10;9;15;34;36;32;36;31;17;18;29;19;24;36;67;65;66;72;60
352440205000452;428;215;213;9;16;13;15;17;18;25;28;24;25;25;14;10;15;17;14;20;28;23;29;23;20;23;26;28;32;31;38;53;51;53;48;45
352440205000453;629;313;316;27;32;37;30;15;16;51;47;32;15;11;19;24;25;25;23;21;70;47;26;26;10;46;56;62;55;38;37;121;94;58;41;21
352440205000454;449;210;239;17;12;14;18;21;13;42;30;28;8;7;16;13;9;22;26;13;47;40;34;8;11;33;25;23;40;47;26;89;70;62;16;18
352440205000455;614;312;302;27;38;25;17;26;24;57;51;25;11;11;18;14;15;25;25;26;56;52;31;24;16;45;52;40;42;51;50;113;103;56;35;27
352440205000456;674;310;364;22;28;27;19;15;27;57;45;37;31;X;35;30;26;28;23;29;64;53;38;24;14;57;58;53;47;38;56;121;98;75;55;16
352440205000458;679;342;337;30;15;35;23;34;31;41;44;44;23;22;20;25;18;32;24;27;59;40;44;33;15;50;40;53;55;58;58;100;84;88;56;37
352440205000459;695;358;337;18;25;25;28;35;26;50;48;51;37;15;19;23;13;29;20;27;43;50;55;36;22;37;48;38;57;55;53;93;98;106;73;37
352440205000461;656;345;311;18;12;27;24;26;26;50;51;46;28;37;16;25;15;13;21;18;42;44;54;27;36;34;37;42;37;47;44;92;95;100;55;73
352440205000462;571;291;280;18;28;25;21;32;20;27;36;37;29;18;16;23;19;20;20;17;37;44;39;21;24;34;51;44;41;52;37;64;80;76;50;42
352440205000463;552;281;271;20;23;17;18;20;22;32;46;36;31;16;16;12;22;19;19;25;38;37;37;26;20;36;35;39;37;39;47;70;83;73;57;36
352440205000464;610;308;302;21;28;25;23;21;16;37;44;37;27;29;7;19;25;16;28;20;47;43;42;34;21;28;47;50;39;49;36;84;87;79;61;50
352440205000465;466;237;229;14;18;14;21;16;19;33;30;28;23;21;10;22;13;19;12;17;37;33;27;22;17;24;40;27;40;28;36;70;63;55;45;38
352440205000466;484;252;232;17;25;25;13;15;28;35;25;32;21;16;11;19;23;16;23;17;41;27;20;22;13;28;44;48;29;38;45;76;52;52;43;29
352440205000467;663;318;345;19;21;28;23;23;24;43;49;35;32;21;16;32;25;28;16;24;52;45;48;34;25;35;53;53;51;39;48;95;94;83;66;46
352440205000468;392;196;196;11;13;15;9;8;12;28;34;31;25;10;9;14;7;12;7;16;34;23;39;19;16;20;27;22;21;15;28;62;57;70;44;26
352440205000469;757;381;376;38;37;24;24;39;31;55;44;37;37;15;20;32;23;32;29;33;62;51;50;27;17;58;69;47;56;68;64;117;95;87;64;32
352440205000470;581;285;296;14;30;19;16;20;30;39;42;47;12;16;20;16;25;27;24;22;41;56;38;13;14;34;46;44;43;44;52;80;98;85;25;30
352440205000471;514;239;275;10;11;14;22;16;13;39;40;32;17;25;11;14;14;21;13;11;32;55;31;34;39;21;25;28;43;29;24;71;95;63;51;64
352440205000472;499;237;262;10;17;13;26;13;17;29;37;42;16;17;7;13;13;19;22;19;30;59;38;32;10;17;30;26;45;35;36;59;96;80;48;27
352440205000473;423;178;245;11;6;6;14;11;11;40;32;18;17;12;12;14;14;18;15;12;39;51;35;22;13;23;20;20;32;26;23;79;83;53;39;25
352440205000474;468;218;250;11;16;12;10;6;10;52;44;27;19;11;16;16;11;14;7;23;57;39;31;16;20;27;32;23;24;13;33;109;83;58;35;31
352440205000475;582;273;309;20;18;15;13;16;17;46;52;31;24;21;18;19;21;15;16;18;45;60;33;39;25;38;37;36;28;32;35;91;112;64;63;46
352440205000477;462;228;234;20;19;11;15;12;25;52;28;18;18;10;16;20;12;8;16;35;44;34;24;16;9;36;39;23;23;28;60;96;62;42;34;19
352440205000478;261;124;137;7;9;15;6;4;6;16;32;17;8;4;8;10;7;6;X;10;24;32;18;13;8;15;19;22;12;5;16;40;64;35;21;12
352440205000479;412;198;214;17;11;8;13;15;19;48;35;13;11;8;21;15;11;10;13;23;48;39;20;9;5;38;26;19;23;28;42;96;74;33;20;13
352440205000480;508;240;268;6;12;5;14;13;18;30;34;30;30;48;3;8;12;11;12;18;34;32;37;40;61;9;20;17;25;25;36;64;66;67;70;109
352440205000481;189;79;110;0;5;X;X;9;9;15;14;13;8;3;7;3;5;6;5;10;22;18;13;10;11;7;8;7;7;14;19;37;32;26;18;14
352440205000482;525;252;273;13;18;19;27;21;17;31;43;35;18;10;15;21;22;16;19;20;38;56;34;22;10;28;39;41;43;40;37;69;99;69;40;20
352440205000483;461;221;240;16;13;24;8;12;23;43;39;25;8;10;15;14;17;16;12;18;31;46;34;20;17;31;27;41;24;24;41;74;85;59;28;27
352440205000484;647;304;343;16;24;15;15;22;27;50;33;48;36;18;15;23;19;22;26;23;48;45;57;43;22;31;47;34;37;48;50;98;78;105;79;40
352440205000485;452;205;247;23;14;18;9;9;27;77;22;5;X;0;27;15;18;14;18;45;66;26;9;4;5;50;29;36;23;27;72;143;48;14;5;5
352440205000486;426;216;210;21;17;16;12;11;6;69;36;12;10;6;16;12;10;12;5;14;65;38;17;13;8;37;29;26;24;16;20;134;74;29;23;14
352440205000487;342;163;179;16;8;7;3;X;13;71;21;11;8;3;11;10;7;6;6;33;58;27;8;9;4;27;18;14;9;8;46;129;48;19;17;7
352440205000488;355;164;191;16;14;8;6;4;15;64;20;8;5;4;15;11;7;9;12;33;54;31;8;8;3;31;25;15;15;16;48;118;51;16;13;7
352440205000489;335;181;154;24;17;8;8;11;10;52;34;10;7;0;10;7;7;5;13;16;51;26;14;3;X;34;24;15;13;24;26;103;60;24;10;X
352440205000490;171;81;90;7;5;7;X;X;3;17;18;9;8;4;X;9;6;X;5;3;17;24;12;5;6;8;14;13;3;7;6;34;42;21;13;10
352440205000491;334;155;179;7;12;7;3;11;18;54;31;9;3;0;15;13;9;7;13;30;49;24;8;8;3;22;25;16;10;24;48;103;55;17;11;3
352440205000492;501;251;250;21;18;23;12;16;12;32;47;36;19;15;14;18;17;17;9;11;43;62;28;20;11;35;36;40;29;25;23;75;109;64;39;26
352440205000493;636;315;321;12;21;33;31;19;12;27;63;57;32;8;20;18;30;18;23;11;36;76;49;28;12;32;39;63;49;42;23;63;139;106;60;20
352440205000494;327;151;176;10;12;9;10;8;21;45;23;10;X;X;14;14;11;7;13;18;47;28;14;6;4;24;26;20;17;21;39;92;51;24;7;6
352440205000495;365;165;200;17;11;10;4;8;17;64;22;9;X;X;12;11;14;7;20;25;59;32;9;8;3;29;22;24;11;28;42;123;54;18;10;4
352440205000496;375;181;194;13;13;10;10;15;19;60;25;9;7;0;18;9;20;7;12;20;60;25;10;11;X;31;22;30;17;27;39;120;50;19;18;X
352440205000497;356;163;193;12;17;9;6;7;19;57;25;9;X;X;16;12;9;12;10;30;58;31;10;3;X;28;29;18;18;17;49;115;56;19;4;3
352440205000498;241;109;132;4;4;7;7;11;8;10;27;15;13;3;8;9;8;8;7;7;22;23;20;10;10;12;13;15;15;18;15;32;50;35;23;13
352440205000499;481;241;240;4;8;27;24;29;11;16;33;53;21;15;8;14;16;18;13;13;21;57;42;18;20;12;22;43;42;42;24;37;90;95;39;35
352440205000500;404;185;219;6;9;7;14;12;7;22;22;28;36;22;5;11;14;8;14;13;28;33;36;37;20;11;20;21;22;26;20;50;55;64;73;42
352440205000501;440;221;219;8;10;6;16;28;18;36;33;31;22;13;8;11;11;14;13;15;31;34;37;27;18;16;21;17;30;41;33;67;67;68;49;31
352440205000502;443;201;242;14;8;14;11;12;17;19;37;24;17;28;11;13;17;14;19;17;29;30;30;30;32;25;21;31;25;31;34;48;67;54;47;60
352440205000503;693;328;365;25;35;19;24;21;22;48;46;30;40;18;13;25;24;26;25;26;55;44;49;46;32;38;60;43;50;46;48;103;90;79;86;50
352440205000504;426;191;235;6;15;17;13;17;16;36;37;17;12;5;8;14;12;19;18;15;44;39;26;31;9;14;29;29;32;35;31;80;76;43;43;14
352440205000505;595;273;322;13;22;14;19;24;21;46;31;31;32;20;13;22;32;18;16;22;44;41;41;46;27;26;44;46;37;40;43;90;72;72;78;47
352440205000506;616;305;311;14;28;23;22;27;21;43;68;34;17;8;15;20;25;21;21;24;49;73;34;24;5;29;48;48;43;48;45;92;141;68;41;13
352440205000507;606;300;306;13;27;18;19;36;15;60;45;38;21;8;21;19;32;20;25;16;52;51;42;20;8;34;46;50;39;61;31;112;96;80;41;16
352440205000508;770;346;424;12;23;28;23;19;33;47;62;58;27;14;18;25;21;36;38;15;67;70;72;40;22;30;48;49;59;57;48;114;132;130;67;36
352440205000509;651;308;343;13;17;33;28;27;15;38;61;48;19;9;17;21;22;27;22;26;51;61;57;24;15;30;38;55;55;49;41;89;122;105;43;24
352440205000510;276;138;138;11;10;10;9;14;7;18;25;15;11;8;7;6;13;10;6;6;26;25;19;12;8;18;16;23;19;20;13;44;50;34;23;16
352440205000511;596;276;320;14;26;18;25;22;11;28;67;34;20;11;12;23;30;23;24;28;38;64;45;19;14;26;49;48;48;46;39;66;131;79;39;25
352440205000512;658;333;325;20;24;29;22;23;27;52;50;42;31;13;20;25;18;21;29;29;51;49;51;25;7;40;49;47;43;52;56;103;99;93;56;20
352440205000513;399;203;196;12;17;16;18;15;16;36;36;17;13;7;10;14;16;15;21;18;30;26;25;17;4;22;31;32;33;36;34;66;62;42;30;11
352440205000514;514;240;274;12;16;15;20;22;14;35;40;28;24;14;16;14;22;23;19;16;41;44;36;24;19;28;30;37;43;41;30;76;84;64;48;33
352440205000515;604;291;313;20;17;22;34;23;23;40;34;39;25;14;16;20;20;25;22;25;43;53;39;27;23;36;37;42;59;45;48;83;87;78;52;37
352440205000516;366;178;188;20;18;14;10;7;8;49;33;12;4;3;10;19;15;10;10;6;54;38;10;9;7;30;37;29;20;17;14;103;71;22;13;10
352440205000518;587;291;296;19;21;25;24;20;24;40;44;53;16;5;13;17;22;16;27;19;48;50;39;32;13;32;38;47;40;47;43;88;94;92;48;18
352440205000519;710;340;370;22;33;21;23;27;25;48;61;47;22;11;22;27;32;29;29;27;53;73;40;25;13;44;60;53;52;56;52;101;134;87;47;24
352440205000520;784;372;412;32;23;33;18;34;35;69;46;46;26;10;35;43;26;11;35;57;59;63;46;23;14;67;66;59;29;69;92;128;109;92;49;24
352440205000521;770;396;374;25;27;35;34;34;33;62;61;43;24;18;30;33;26;25;40;28;64;45;38;24;21;55;60;61;59;74;61;126;106;81;48;39
352440205000522;641;325;316;26;23;22;36;27;21;44;55;37;22;12;12;22;23;29;30;23;53;50;32;28;14;38;45;45;65;57;44;97;105;69;50;26
352440205000523;485;251;234;25;15;25;18;21;16;40;30;35;15;11;13;16;15;15;24;19;44;35;26;15;12;38;31;40;33;45;35;84;65;61;30;23
352440205000524;639;309;330;10;16;27;32;29;29;45;49;42;22;8;19;20;20;14;18;38;51;56;50;23;21;29;36;47;46;47;67;96;105;92;45;29
352440205000525;560;266;294;19;20;14;17;17;23;47;49;26;20;14;14;29;15;22;19;16;54;42;46;17;20;33;49;29;39;36;39;101;91;72;37;34
352440205000526;644;299;345;9;14;14;37;27;20;36;48;43;34;17;19;25;20;22;20;22;51;54;59;32;21;28;39;34;59;47;42;87;102;102;66;38
352440205000527;676;318;358;19;20;20;22;28;23;33;37;51;27;38;15;21;22;17;22;27;47;47;59;36;45;34;41;42;39;50;50;80;84;110;63;83
352440205000528;567;272;295;11;23;21;12;19;16;39;49;40;22;20;13;11;22;15;28;22;46;40;41;29;28;24;34;43;27;47;38;85;89;81;51;48
352440205000529;595;303;292;17;18;20;15;30;24;47;54;23;32;23;14;18;24;16;21;17;47;50;27;39;19;31;36;44;31;51;41;94;104;50;71;42
352440205000530;546;257;289;8;13;17;14;16;21;40;34;43;37;14;14;16;15;14;23;17;50;34;45;41;20;22;29;32;28;39;38;90;68;88;78;34
352440205000531;526;246;280;16;17;24;13;14;18;39;29;34;27;15;12;11;19;12;22;23;39;44;45;29;24;28;28;43;25;36;41;78;73;79;56;39
352440205000532;660;335;325;16;21;18;34;39;20;49;41;47;29;21;14;18;22;23;28;18;51;53;43;40;15;30;39;40;57;67;38;100;94;90;69;36
352440205000533;348;164;184;6;8;10;16;10;8;18;35;24;20;9;14;16;18;10;7;10;28;25;20;20;16;20;24;28;26;17;18;46;60;44;40;25
352440205000534;274;136;138;15;6;12;5;3;21;46;18;8;X;0;11;14;5;7;9;25;44;17;X;4;0;26;20;17;12;12;46;90;35;10;6;0
352440205000535;450;216;234;16;18;19;15;9;14;39;22;25;21;18;19;14;15;15;17;26;27;33;25;24;19;35;32;34;30;26;40;66;55;50;45;37
352440205000536;327;164;163;8;8;13;11;5;10;27;24;28;15;15;9;8;8;8;10;10;24;27;19;24;16;17;16;21;19;15;20;51;51;47;39;31
352440205000537;550;272;278;20;17;21;28;15;17;44;37;19;34;20;10;15;21;21;15;14;54;43;24;33;28;30;32;42;49;30;31;98;80;43;67;48
352440205000538;502;211;291;22;18;17;17;26;26;42;16;9;11;7;29;30;16;27;30;30;37;40;30;14;8;51;48;33;44;56;56;79;56;39;25;15
352440205000539;274;119;155;10;12;15;13;6;10;21;14;8;5;5;11;14;16;14;10;8;27;20;19;8;8;21;26;31;27;16;18;48;34;27;13;13
352440205000540;257;112;145;10;9;13;23;10;12;16;8;X;7;X;13;12;22;12;10;10;21;20;15;6;4;23;21;35;35;20;22;37;28;17;13;6
352440205000541;515;239;276;18;18;22;12;18;16;45;40;27;11;12;22;19;19;13;30;16;60;35;29;24;9;40;37;41;25;48;32;105;75;56;35;21
352440205000543;536;260;276;11;14;26;27;18;19;30;46;36;22;11;19;24;18;17;16;14;41;48;30;29;20;30;38;44;44;34;33;71;94;66;51;31
352440205000544;550;271;279;21;13;22;16;24;22;36;35;36;35;11;10;16;21;24;23;15;35;40;48;31;16;31;29;43;40;47;37;71;75;84;66;27
352440205000545;529;245;284;15;14;14;17;17;19;32;48;27;27;15;19;23;15;21;18;20;43;49;28;26;22;34;37;29;38;35;39;75;97;55;53;37
352440205000546;369;159;210;6;15;12;7;15;15;34;21;18;9;7;10;19;10;14;21;15;37;32;24;16;12;16;34;22;21;36;30;71;53;42;25;19
352440205000547;351;169;182;9;14;11;8;16;13;29;29;17;16;7;5;10;17;11;15;11;29;31;31;15;7;14;24;28;19;31;24;58;60;48;31;14
352440205000548;573;273;300;15;19;21;23;19;23;46;51;34;17;5;12;21;29;30;18;31;41;57;30;19;12;27;40;50;53;37;54;87;108;64;36;17
352440205000549;562;278;284;17;17;23;23;34;25;28;25;39;31;16;11;22;15;22;32;19;29;55;43;21;15;28;39;38;45;66;44;57;80;82;52;31
352440205000550;74;35;39;X;3;0;3;X;3;X;X;11;3;6;4;0;3;X;3;3;5;X;8;3;6;5;3;3;5;5;6;7;3;19;6;12
352440205000551;375;194;181;9;11;15;14;15;7;31;28;31;17;16;8;14;13;10;16;14;25;25;28;21;7;17;25;28;24;31;21;56;53;59;38;23
352440205000552;640;334;306;17;24;30;20;31;24;53;65;36;26;8;15;19;15;21;20;22;48;68;44;25;9;32;43;45;41;51;46;101;133;80;51;17
352440205000553;309;130;179;X;6;5;5;8;11;18;25;32;10;9;4;4;6;5;19;6;24;51;34;19;7;5;10;11;10;27;17;42;76;66;29;16
352440205000554;510;245;265;16;14;18;23;14;15;32;40;35;23;15;8;15;18;29;13;16;35;59;33;20;19;24;29;36;52;27;31;67;99;68;43;34
352440205000555;240;110;130;9;8;4;4;11;9;42;15;5;X;X;11;9;5;3;5;12;43;17;10;9;6;20;17;9;7;16;21;85;32;15;11;7
352440205000556;773;386;387;35;30;32;32;34;38;61;52;37;26;9;19;23;29;40;27;29;63;61;51;33;12;54;53;61;72;61;67;124;113;88;59;21
352440205000557;957;463;494;32;42;39;35;40;46;56;66;57;27;23;26;32;37;40;50;38;72;79;54;36;30;58;74;76;75;90;84;128;145;111;63;53
352440205000558;425;210;215;9;15;12;12;16;18;48;34;18;12;16;14;17;13;11;11;9;38;43;19;25;15;23;32;25;23;27;27;86;77;37;37;31
352440205000559;374;185;189;5;11;10;10;7;13;39;27;22;21;20;7;6;6;9;12;16;38;21;27;31;16;12;17;16;19;19;29;77;48;49;52;36
352440205000560;489;233;256;6;10;23;19;17;18;38;31;34;23;14;13;19;20;19;16;13;41;31;32;34;18;19;29;43;38;33;31;79;62;66;57;32
352440205000561;353;156;197;16;10;11;15;5;11;29;31;19;6;3;10;15;9;11;14;19;39;38;22;11;9;26;25;20;26;19;30;68;69;41;17;12
352440205000562;260;115;145;8;8;7;4;14;21;34;10;7;X;0;9;11;10;X;19;25;40;18;7;3;X;17;19;17;6;33;46;74;28;14;5;X
352440205000563;272;125;147;5;16;5;6;4;4;36;24;14;10;X;16;4;9;4;7;7;34;28;20;13;5;21;20;14;10;11;11;70;52;34;23;6
352440205000564;684;314;370;16;20;21;18;15;20;32;78;44;27;23;15;27;28;26;25;16;65;81;36;34;17;31;47;49;44;40;36;97;159;80;61;40
352440205000565;680;347;333;21;30;38;25;18;12;45;91;40;12;15;17;23;30;22;14;14;56;88;34;20;15;38;53;68;47;32;26;101;179;74;32;30
352440205000566;601;289;312;14;19;23;21;29;27;43;55;29;19;10;20;23;13;27;27;28;44;60;39;17;14;34;42;36;48;56;55;87;115;68;36;24
352440205000567;571;281;290;16;29;19;17;33;20;38;37;48;15;9;12;15;18;33;17;25;36;55;51;19;9;28;44;37;50;50;45;74;92;99;34;18
352440205000568;800;399;401;16;27;26;28;44;40;57;64;50;27;20;20;25;30;31;28;33;57;63;72;30;12;36;52;56;59;72;73;114;127;122;57;32
352440205000569;779;384;395;26;25;26;26;35;31;55;58;60;30;12;25;24;17;32;31;27;69;64;66;25;15;51;49;43;58;66;58;124;122;126;55;27
352440205000570;817;381;436;24;24;41;28;39;24;61;58;46;26;10;21;36;31;37;39;38;62;76;55;30;11;45;60;72;65;78;62;123;134;101;56;21
352440205000571;488;252;236;14;33;23;13;14;24;42;41;32;10;6;13;18;24;22;13;18;44;47;21;7;9;27;51;47;35;27;42;86;88;53;17;15
352440205000572;386;181;205;6;11;17;14;16;14;27;38;28;9;X;13;17;9;19;10;8;39;46;29;6;9;19;28;26;33;26;22;66;84;57;15;10
352440205000573;378;180;198;6;10;27;14;17;5;20;52;16;8;5;10;16;11;18;7;8;33;50;15;18;12;16;26;38;32;24;13;53;102;31;26;17
352440205000574;606;305;301;18;19;25;18;18;20;65;71;27;18;6;20;29;25;17;18;18;63;52;28;17;14;38;48;50;35;36;38;128;123;55;35;20
352440205000575;494;247;247;31;24;25;9;7;13;58;58;16;3;3;21;31;20;10;3;11;78;52;4;14;3;52;55;45;19;10;24;136;110;20;17;6
352440205000576;631;307;324;30;21;18;16;23;16;60;71;31;16;5;25;30;19;19;15;25;67;61;36;19;8;55;51;37;35;38;41;127;132;67;35;13
352440205000577;405;201;204;15;17;17;13;11;4;52;36;21;9;6;11;18;16;13;12;16;52;32;17;10;7;26;35;33;26;23;20;104;68;38;19;13
352440205000578;395;188;207;13;14;20;12;8;7;41;37;18;10;8;10;26;14;14;7;9;42;41;18;8;18;23;40;34;26;15;16;83;78;36;18;26
352440205000579;664;312;352;20;19;22;22;35;30;33;53;48;20;10;18;22;19;32;32;22;47;56;64;21;19;38;41;41;54;67;52;80;109;112;41;29
352440205000582;27;15;12;X;0;X;0;X;0;0;3;X;3;X;X;X;0;0;X;0;X;X;X;X;X;3;X;X;0;3;0;X;4;4;5;3
352440205000583;419;190;229;12;8;8;9;14;10;35;30;23;19;22;11;12;13;11;13;16;30;31;23;33;36;23;20;21;20;27;26;65;61;46;52;58
352440205000584;502;241;261;11;11;22;20;10;8;12;59;41;18;29;11;14;16;15;11;10;26;59;40;24;35;22;25;38;35;21;18;38;118;81;42;64
352440205000585;347;159;188;10;11;10;6;11;12;27;34;17;13;8;12;14;13;7;7;11;34;36;26;14;14;22;25;23;13;18;23;61;70;43;27;22
352440205000586;190;88;102;X;5;5;7;4;X;7;21;21;7;7;5;7;5;5;3;4;14;17;18;14;10;7;12;10;12;7;6;21;38;39;21;17
352440205000587;425;200;225;13;21;14;15;4;11;39;40;20;12;11;10;24;17;11;13;12;53;38;21;15;11;23;45;31;26;17;23;92;78;41;27;22
352440205000588;439;210;229;14;16;15;15;8;24;51;36;18;11;X;16;16;14;11;13;17;66;44;14;13;5;30;32;29;26;21;41;117;80;32;24;7
352440205000589;477;248;229;34;23;34;20;23;23;31;26;21;9;4;19;24;26;18;23;23;36;29;18;7;6;53;47;60;38;46;46;67;55;39;16;10
352440205000590;431;207;224;14;19;12;8;11;14;26;55;25;17;6;18;18;15;9;14;6;45;48;21;20;10;32;37;27;17;25;20;71;103;46;37;16
352440205000591;329;169;160;16;11;8;8;8;12;36;39;15;9;7;6;12;10;4;7;13;35;46;13;8;6;22;23;18;12;15;25;71;85;28;17;13
352440205000592;672;327;345;16;23;26;26;16;14;43;72;46;25;20;18;21;25;22;22;25;54;70;46;21;21;34;44;51;48;38;39;97;142;92;46;41
352440205000593;687;344;343;38;28;25;18;15;14;79;75;31;19;X;25;21;25;29;17;13;89;70;26;14;14;63;49;50;47;32;27;168;145;57;33;16
352440205000594;621;315;306;11;32;23;20;23;15;60;68;33;20;10;14;34;15;19;10;19;68;54;39;24;10;25;66;38;39;33;34;128;122;72;44;20
352440205000595;458;234;224;15;16;22;14;15;10;40;59;24;12;7;10;16;21;14;9;9;58;46;25;9;7;25;32;43;28;24;19;98;105;49;21;14
352440205000596;480;242;238;17;29;25;17;10;9;31;72;19;13;0;20;31;18;16;6;10;51;58;20;6;X;37;60;43;33;16;19;82;130;39;19;X
352440205000597;517;265;252;19;38;25;13;14;7;29;71;34;12;3;13;34;19;18;7;6;33;82;20;11;9;32;72;44;31;21;13;62;153;54;23;12
352440205000598;551;268;283;22;27;12;13;18;11;46;54;36;18;11;20;28;14;24;10;15;57;57;27;19;12;42;55;26;37;28;26;103;111;63;37;23
352440205000599;236;112;124;10;6;6;11;3;8;31;27;7;X;X;10;5;9;4;6;9;44;22;7;4;4;20;11;15;15;9;17;75;49;14;6;5
352440205000600;262;124;138;8;7;11;6;11;5;30;30;7;4;5;8;12;8;11;3;5;38;30;9;5;9;16;19;19;17;14;10;68;60;16;9;14
352440205000601;343;154;189;18;12;10;X;3;14;49;29;11;6;X;12;19;5;4;11;16;70;33;5;9;5;30;31;15;5;14;30;119;62;16;15;6
352440205000602;405;196;209;18;29;8;7;4;10;47;51;12;6;4;18;21;14;X;6;8;73;39;9;12;7;36;50;22;9;10;18;120;90;21;18;11
352440205000603;499;273;226;25;39;26;9;14;7;60;71;10;8;4;13;19;16;7;3;8;68;67;13;6;6;38;58;42;16;17;15;128;138;23;14;10
352440205000604;389;207;182;10;23;11;12;11;9;39;41;28;15;8;13;15;10;8;11;9;44;32;27;7;6;23;38;21;20;22;18;83;73;55;22;14
352440205000605;684;339;345;27;31;22;19;19;26;77;69;35;7;7;30;30;23;18;16;23;84;74;28;11;8;57;61;45;37;35;49;161;143;63;18;15
352440205000606;755;367;388;37;39;27;15;14;17;97;76;26;13;6;38;35;33;17;14;24;118;63;21;16;9;75;74;60;32;28;41;215;139;47;29;15
352440205000607;324;159;165;8;12;7;8;10;13;53;35;9;X;X;9;10;3;7;15;20;48;31;8;11;3;17;22;10;15;25;33;101;66;17;13;5
352440205000609;445;214;231;12;15;9;10;25;10;35;35;31;27;5;11;11;8;13;10;13;26;54;36;31;18;23;26;17;23;35;23;61;89;67;58;23
352440205000610;363;173;190;11;10;12;17;17;7;22;35;29;9;4;3;14;15;14;14;6;24;52;27;11;10;14;24;27;31;31;13;46;87;56;20;14
352440205000611;311;160;151;13;8;10;12;10;14;23;23;26;16;5;11;10;12;8;14;11;21;27;16;10;11;24;18;22;20;24;25;44;50;42;26;16
352440205000613;909;466;443;33;48;42;37;31;43;79;48;50;37;18;35;31;33;36;32;44;67;63;52;34;16;68;79;75;73;63;87;146;111;102;71;34
352440205000615;388;193;195;5;16;20;16;13;5;18;43;31;17;9;9;7;12;21;11;5;22;45;27;26;10;14;23;32;37;24;10;40;88;58;43;19
352440205000616;335;180;155;9;20;11;13;8;6;16;41;27;22;7;8;10;12;7;5;3;21;43;18;20;8;17;30;23;20;13;9;37;84;45;42;15
352440205000617;354;176;178;7;17;16;13;11;9;17;35;26;21;4;6;24;13;10;8;5;25;39;28;12;8;13;41;29;23;19;14;42;74;54;33;12
352440205000618;294;144;150;4;8;14;14;9;5;12;34;24;12;8;5;16;13;15;5;X;11;37;29;11;7;9;24;27;29;14;6;23;71;53;23;15
352440205000619;249;126;123;X;12;16;12;8;X;10;27;19;9;10;4;4;11;9;5;5;10;34;22;10;9;6;16;27;21;13;6;20;61;41;19;19
352440205000620;387;196;191;12;26;19;11;12;4;36;52;19;5;0;13;22;16;16;4;6;45;51;14;4;0;25;48;35;27;16;10;81;103;33;9;0
352440205000621;572;286;286;10;23;30;33;25;16;31;44;49;16;9;14;14;21;25;21;25;44;55;40;18;9;24;37;51;58;46;41;75;99;89;34;18
352440205000622;517;258;259;14;22;31;24;20;10;41;52;29;9;6;9;20;11;24;23;22;46;51;30;12;11;23;42;42;48;43;32;87;103;59;21;17
352440205000623;353;165;188;13;13;12;8;3;10;43;36;12;8;7;18;13;7;8;7;15;49;35;15;13;8;31;26;19;16;10;25;92;71;27;21;15
352440205000624;457;226;231;31;27;9;16;4;11;65;44;12;5;X;23;15;17;11;13;14;77;39;14;5;3;54;42;26;27;17;25;142;83;26;10;5
352440205000625;493;245;248;25;18;11;13;14;16;65;44;25;8;6;12;15;20;16;16;21;67;48;20;9;4;37;33;31;29;30;37;132;92;45;17;10
352440205000626;426;206;220;24;27;13;4;12;15;70;32;5;3;X;27;24;7;11;16;24;67;30;9;X;3;51;51;20;15;28;39;137;62;14;5;4
352440205000627;386;181;205;14;21;16;23;36;18;11;20;13;5;4;20;15;9;18;29;25;22;35;22;8;X;34;36;25;41;65;43;33;55;35;13;6
352440205000628;347;154;193;9;12;21;25;21;11;20;18;10;7;0;12;10;17;17;28;11;34;37;13;10;4;21;22;38;42;49;22;54;55;23;17;4
352440205000629;384;189;195;20;22;13;11;3;9;56;30;11;10;4;9;19;16;10;6;8;61;34;15;13;4;29;41;29;21;9;17;117;64;26;23;8
352440205000630;416;173;243;15;12;26;15;27;24;18;14;12;6;4;15;18;20;25;33;24;24;40;34;7;3;30;30;46;40;60;48;42;54;46;13;7
352440205000631;492;213;279;30;22;18;30;19;26;27;23;15;X;X;30;20;22;28;34;23;50;36;22;11;3;60;42;40;58;53;49;77;59;37;13;4
352440205000632;385;199;186;9;14;12;16;17;13;26;33;24;23;12;10;14;11;11;9;12;27;33;21;30;8;19;28;23;27;26;25;53;66;45;53;20
352440205000633;476;234;242;20;16;19;13;8;12;54;53;25;9;5;19;21;20;19;18;12;52;45;22;9;5;39;37;39;32;26;24;106;98;47;18;10
352440205000634;593;297;296;26;32;22;20;17;19;52;62;29;14;4;26;18;25;19;22;16;73;51;27;14;5;52;50;47;39;39;35;125;113;56;28;9
352440205000635;355;168;187;7;19;10;4;7;19;50;30;12;9;X;10;12;12;6;9;21;62;28;15;10;X;17;31;22;10;16;40;112;58;27;19;3
352440205000636;178;91;87;12;3;X;X;5;16;36;12;3;X;0;4;X;X;0;3;26;32;10;9;X;0;16;4;3;X;8;42;68;22;12;X;0
352440205000637;178;89;89;5;X;4;3;3;7;36;17;3;8;X;5;4;5;X;6;9;27;16;8;5;3;10;6;9;4;9;16;63;33;11;13;4
352440205000639;432;212;220;13;17;14;14;15;18;29;28;23;27;14;16;16;22;16;17;14;27;29;22;26;15;29;33;36;30;32;32;56;57;45;53;29
352440205000641;563;272;291;28;29;29;35;21;30;30;32;23;7;8;25;30;33;28;33;18;33;52;19;11;9;53;59;62;63;54;48;63;84;42;18;17
352440205000643;537;244;293;5;3;10;11;28;15;17;43;38;29;45;7;9;12;11;12;17;23;44;49;35;74;12;12;22;22;40;32;40;87;87;64;119
352440205000644;391;184;207;5;9;6;7;14;13;22;32;21;25;30;6;4;4;12;15;13;20;24;28;35;46;11;13;10;19;29;26;42;56;49;60;76
352440205000645;206;88;118;X;0;3;5;9;4;9;13;16;12;16;X;5;5;X;5;8;11;18;20;15;28;X;5;8;7;14;12;20;31;36;27;44
352440205000648;648;298;350;11;14;18;21;20;16;40;44;47;37;30;9;17;13;23;22;18;44;39;66;50;49;20;31;31;44;42;34;84;83;113;87;79
352440205000649;668;304;364;14;19;11;16;14;26;51;39;69;29;16;23;27;29;23;21;22;55;52;65;29;18;37;46;40;39;35;48;106;91;134;58;34
352440205000650;27;15;12;X;X;X;X;0;0;0;3;X;X;X;X;X;0;X;X;0;X;4;X;0;0;X;3;X;3;X;0;X;7;4;X;X
352440205000654;378;163;215;9;X;6;11;16;6;23;24;22;16;28;9;14;10;16;14;8;15;39;25;25;40;18;16;16;27;30;14;38;63;47;41;68
352440205000656;28;10;18;0;X;0;0;X;0;3;X;X;0;X;0;X;X;X;X;0;X;X;X;8;X;0;X;X;X;4;0;4;3;X;8;3
352440205000659;150;69;81;4;3;6;6;8;5;11;8;6;8;4;6;6;10;5;6;4;11;10;9;10;4;10;9;16;11;14;9;22;18;15;18;8
352440205000661;59;39;20;X;5;0;X;4;3;5;5;5;7;X;0;X;X;X;X;X;0;5;4;4;X;X;6;X;X;6;4;5;10;9;11;3
352440205000662;517;228;289;6;10;7;12;9;21;33;34;37;28;31;6;9;13;12;14;15;36;39;44;52;49;12;19;20;24;23;36;69;73;81;80;80
352440205000664;228;110;118;4;13;9;10;6;13;21;11;12;8;3;9;8;7;12;7;6;23;10;21;5;10;13;21;16;22;13;19;44;21;33;13;13
352440205000665;88;49;39;X;5;4;3;X;5;11;6;4;7;X;3;4;X;3;X;X;6;7;3;7;X;5;9;6;6;3;6;17;13;7;14;X
352440205000666;220;102;118;8;10;6;8;9;5;15;17;16;6;X;7;9;8;11;9;10;21;16;17;6;4;15;19;14;19;18;15;36;33;33;12;6
352440205000667;619;310;309;24;28;31;38;31;31;44;37;27;10;9;25;32;29;37;18;30;46;38;24;21;9;49;60;60;75;49;61;90;75;51;31;18
352440205000669;X;X;X;X;X;X;X;X;X;X;X;X;X;X;X;X;X;X;X;X;X;X;X;X;X;X;X;X;X;X;X;X;X;X;X;X
352440205000670;429;212;217;22;20;18;15;20;24;43;20;19;8;3;21;18;21;13;29;19;36;30;17;7;6;43;38;39;28;49;43;79;50;36;15;9
352440205000673;566;275;291;22;25;22;20;24;20;40;58;25;13;6;24;34;24;21;23;23;53;50;22;15;X;46;59;46;41;47;43;93;108;47;28;8
352440205000674;799;389;410;10;27;26;35;25;27;70;53;43;48;25;15;26;39;19;26;30;64;61;56;47;27;25;53;65;54;51;57;134;114;99;95;52
352440205000675;X;X;X;X;X;X;X;X;X;X;X;X;X;X;X;X;X;X;X;X;X;X;X;X;X;X;X;X;X;X;X;X;X;X;X;X
352440205000676;31;13;18;X;0;0;X;X;0;X;4;X;X;0;0;0;X;0;X;X;X;X;3;X;6;X;0;X;X;3;X;3;5;4;3;6
352440205000679;347;163;184;6;10;6;11;9;15;24;36;21;16;9;8;11;11;13;7;6;34;40;23;21;10;14;21;17;24;16;21;58;76;44;37;19
352440205000680;44;26;18;X;3;3;3;3;X;X;3;4;X;0;X;0;0;X;0;X;4;6;3;0;X;3;3;3;4;3;X;6;9;7;X;X
352440205000681;135;67;68;3;3;X;7;7;5;8;10;8;10;4;6;4;3;X;5;5;11;7;12;7;6;9;7;5;9;12;10;19;17;20;17;10
352440205000685;566;284;282;21;26;17;17;11;12;52;74;32;15;7;18;22;18;14;10;14;55;78;22;24;7;39;48;35;31;21;26;107;152;54;39;14
352440205000686;240;118;122;3;11;9;9;14;4;13;20;13;12;10;8;5;10;10;8;10;16;19;17;16;3;11;16;19;19;22;14;29;39;30;28;13
352440205000687;269;137;132;8;6;12;5;10;7;18;19;9;19;24;9;5;4;10;6;4;20;13;13;19;29;17;11;16;15;16;11;38;32;22;38;53
352440205000688;X;X;X;X;X;X;X;X;X;X;X;X;X;X;X;X;X;X;X;X;X;X;X;X;X;X;X;X;X;X;X;X;X;X;X;X
352440205000689;450;227;223;11;11;17;16;12;18;28;33;41;28;12;13;12;11;14;13;15;29;41;33;33;9;24;23;28;30;25;33;57;74;74;61;21
352440205000692;326;146;180;6;5;14;10;7;6;30;26;15;10;17;11;8;10;9;9;8;31;31;19;22;22;17;13;24;19;16;14;61;57;34;32;39
352440205000695;231;116;115;10;17;6;5;4;5;25;25;8;9;X;14;11;3;4;X;8;28;21;8;11;5;24;28;9;9;6;13;53;46;16;20;7
352440205000697;273;126;147;10;13;6;8;X;4;34;30;10;6;3;12;13;10;4;10;12;31;35;8;6;6;22;26;16;12;12;16;65;65;18;12;9
352440205000698;274;154;120;10;13;12;8;7;9;22;20;23;15;15;3;7;9;3;9;13;15;18;17;17;9;13;20;21;11;16;22;37;38;40;32;24
352440205000699;48;25;23;X;3;X;X;X;X;3;4;4;3;0;0;X;X;X;X;4;X;4;X;6;X;X;4;X;3;3;6;5;8;6;9;X
352440205000700;164;80;84;4;X;8;4;7;4;13;11;16;7;5;5;4;X;10;9;6;11;11;20;4;X;9;5;10;14;16;10;24;22;36;11;7
352440205000702;243;117;126;11;4;3;9;10;14;18;14;12;13;9;7;9;9;6;14;12;19;19;14;10;7;18;13;12;15;24;26;37;33;26;23;16
352440205000703;37;18;19;0;X;X;X;0;0;4;X;4;X;3;0;0;X;X;X;0;4;3;3;X;3;0;X;3;3;X;0;8;5;7;X;6
352440205000704;300;150;150;11;8;10;13;11;8;23;23;19;16;8;3;8;10;15;10;13;24;25;17;14;11;14;16;20;28;21;21;47;48;36;30;19
352440205000705;X;X;X;X;X;X;X;X;X;X;X;X;X;X;X;X;X;X;X;X;X;X;X;X;X;X;X;X;X;X;X;X;X;X;X;X
352440205000706;251;123;128;5;8;8;6;5;10;39;16;13;6;7;7;11;7;4;6;18;29;17;15;6;8;12;19;15;10;11;28;68;33;28;12;15
352440205000707;29;13;16;0;3;0;X;X;X;X;3;0;X;0;X;X;5;X;X;X;X;X;X;0;0;X;5;5;X;X;3;3;5;X;X;0
352440205000708;436;207;229;10;24;12;12;12;22;58;30;13;9;5;17;16;26;19;11;25;53;32;20;4;6;27;40;38;31;23;47;111;62;33;13;11
352440205000709;X;X;X;X;X;X;X;X;X;X;X;X;X;X;X;X;X;X;X;X;X;X;X;X;X;X;X;X;X;X;X;X;X;X;X;X
352440205000710;40;19;21;X;0;3;3;X;X;X;4;X;X;X;X;X;X;0;X;X;3;7;X;X;3;X;X;4;3;3;3;4;11;X;3;4
352440205000711;43;25;18;X;0;3;4;X;0;5;3;4;X;X;X;X;X;X;0;X;X;4;X;X;3;X;X;5;5;X;X;7;7;6;3;5
352440205000712;70;34;36;X;4;0;X;X;X;3;11;5;4;0;X;X;X;5;X;3;5;6;3;4;X;4;6;X;7;3;5;8;17;8;8;X
352440205000713;104;55;49;X;4;5;5;3;5;6;9;6;6;5;3;5;X;X;5;3;6;9;5;6;4;4;9;6;7;8;8;12;18;11;12;9
352440205000714;470;257;213;13;17;17;17;18;11;30;39;54;29;12;6;13;14;11;13;17;36;40;24;21;18;19;30;31;28;31;28;66;79;78;50;30
352440205000715;25;13;12;0;X;X;3;X;X;0;3;0;0;X;X;X;0;X;X;X;X;3;0;X;0;X;4;X;4;X;X;X;6;0;X;X
352440205000716;101;56;45;X;7;3;4;5;4;6;10;7;X;6;X;X;X;X;5;3;5;10;7;X;5;4;9;5;6;10;7;11;20;14;4;11
352440205000717;609;260;349;7;15;15;10;18;9;33;36;44;27;46;11;22;8;18;21;12;27;48;60;54;68;18;37;23;28;39;21;60;84;104;81;114
352440205000718;113;57;56;6;X;3;X;X;3;8;9;11;5;7;0;X;5;6;0;X;6;11;11;5;9;6;4;8;7;X;4;14;20;22;10;16
352440205000719;20;10;10;0;0;0;X;X;X;X;X;X;X;X;0;0;0;X;X;X;X;X;X;0;X;0;0;0;X;X;4;3;3;3;X;X
352440205000720;757;394;363;34;41;32;34;30;31;62;48;36;32;14;28;21;30;23;21;38;62;55;32;36;17;62;62;62;57;51;69;124;103;68;68;31
352440205000721;71;42;29;X;3;X;3;X;X;4;5;11;7;X;X;X;X;3;X;X;X;6;8;X;4;3;5;X;6;3;3;5;11;19;8;6
352440205000722;595;295;300;28;21;21;23;23;24;66;39;27;18;5;21;23;13;16;22;23;75;52;25;21;9;49;44;34;39;45;47;141;91;52;39;14
352440205000723;61;34;27;0;3;3;X;X;3;6;6;X;5;3;X;X;6;0;X;X;6;4;X;X;3;X;5;9;X;3;4;12;10;3;6;6
352440205000724;531;278;253;17;25;20;14;16;9;45;34;39;31;28;18;16;12;20;20;21;27;40;31;21;27;35;41;32;34;36;30;72;74;70;52;55
352440205000725;106;59;47;3;3;4;X;5;X;8;4;12;13;3;3;X;0;4;3;X;5;6;12;10;0;6;5;4;6;8;4;13;10;24;23;3
352440205000726;607;276;331;13;5;20;13;14;11;36;35;35;37;57;9;11;9;14;17;9;41;34;46;49;92;22;16;29;27;31;20;77;69;81;86;149
352440205000727;149;75;74;5;5;X;5;6;7;7;6;12;10;10;5;10;4;9;4;7;6;12;10;4;3;10;15;6;14;10;14;13;18;22;14;13
352440207000001;680;345;335;20;26;25;26;35;26;39;51;52;29;16;12;26;25;17;25;22;53;52;52;30;21;32;52;50;43;60;48;92;103;104;59;37
352440207000002;710;360;350;21;14;29;31;32;35;47;45;55;32;19;17;23;18;27;27;15;61;57;46;34;25;38;37;47;58;59;50;108;102;101;66;44
352440207000003;591;294;297;10;23;18;19;31;17;49;40;39;31;17;11;15;17;20;24;20;41;39;52;39;19;21;38;35;39;55;37;90;79;91;70;36
352440207000004;547;257;290;10;14;13;17;21;19;38;41;36;28;20;12;13;25;18;19;20;46;40;41;32;24;22;27;38;35;40;39;84;81;77;60;44
352440207000005;750;388;362;19;31;23;23;31;35;58;50;46;46;26;19;16;23;27;26;27;55;41;49;52;27;38;47;46;50;57;62;113;91;95;98;53
352440207000006;590;280;310;18;19;22;19;21;19;46;32;44;22;18;19;21;17;16;22;29;49;53;40;21;23;37;40;39;35;43;48;95;85;84;43;41
352440207000007;818;392;426;23;29;27;30;34;34;51;73;28;40;23;39;27;27;28;34;29;57;64;36;53;32;62;56;54;58;68;63;108;137;64;93;55
352440207000008;558;275;283;15;12;19;17;18;21;48;40;33;34;18;13;18;25;22;20;18;41;41;37;27;21;28;30;44;39;38;39;89;81;70;61;39
352440207000009;561;276;285;13;20;12;16;20;22;40;39;48;32;14;16;17;17;20;16;25;36;44;41;29;24;29;37;29;36;36;47;76;83;89;61;38
352440207000012;64;33;31;4;3;X;5;6;4;X;4;3;X;0;X;X;X;3;4;X;X;8;4;4;X;5;4;X;8;10;5;4;12;7;5;X
352440207000018;943;465;478;42;39;35;39;37;40;64;73;53;30;13;32;40;43;43;40;39;70;63;60;27;21;74;79;78;82;77;79;134;136;113;57;34
352440207000023;553;280;273;14;19;19;25;24;18;33;39;46;19;24;8;17;18;18;12;16;47;40;41;28;28;22;36;37;43;36;34;80;79;87;47;52
352440207000024;411;206;205;13;19;10;15;11;18;18;37;31;21;13;8;6;9;17;15;15;24;39;36;21;15;21;25;19;32;26;33;42;76;67;42;28
352440207000025;686;328;358;13;18;17;25;32;23;40;55;48;31;26;16;20;21;40;28;21;43;69;39;37;24;29;38;38;65;60;44;83;124;87;68;50
352440207000026;784;375;409;34;35;36;48;53;29;49;36;39;14;X;27;31;47;33;42;26;66;52;50;24;11;61;66;83;81;95;55;115;88;89;38;13
352440207000027;597;296;301;37;39;37;20;13;25;61;33;20;9;X;37;35;29;20;25;43;56;26;25;4;X;74;74;66;40;38;68;117;59;45;13;3
352440207000028;464;237;227;43;31;23;15;18;21;40;26;16;4;0;35;22;18;15;23;36;35;25;9;9;0;78;53;41;30;41;57;75;51;25;13;0
352440207000032;99;47;52;3;X;X;0;6;X;13;4;7;9;X;4;7;5;8;4;X;7;5;4;3;3;7;8;7;8;10;3;20;9;11;12;4
352440210000001;638;317;321;16;18;16;21;24;26;33;52;55;27;29;13;17;23;13;21;21;33;46;57;42;35;29;35;39;34;45;47;66;98;112;69;64
352440210000002;749;378;371;24;25;30;27;16;21;56;57;46;49;27;20;12;21;22;20;20;60;56;48;58;34;44;37;51;49;36;41;116;113;94;107;61
352440210000003;599;303;296;16;22;20;25;20;16;36;46;56;32;14;10;12;22;24;22;9;46;52;51;30;18;26;34;42;49;42;25;82;98;107;62;32
352440210000005;469;225;244;9;10;12;22;17;19;31;22;33;25;25;12;9;18;8;18;14;29;25;40;32;39;21;19;30;30;35;33;60;47;73;57;64
352440210000021;112;52;60;6;3;5;0;8;5;5;6;5;5;4;5;3;5;3;3;6;13;7;6;5;4;11;6;10;3;11;11;18;13;11;10;8
352440210000025;70;35;35;X;4;X;0;0;X;6;X;8;5;4;X;X;4;X;3;5;7;X;5;4;X;3;5;6;X;3;7;13;4;13;9;6
352440210000027;98;49;49;5;X;4;6;X;X;6;5;8;4;6;3;3;6;5;4;X;X;8;6;7;3;8;4;10;11;6;4;8;13;14;11;9
352440210000038;395;178;217;14;16;13;5;19;20;35;28;15;10;3;15;13;17;17;19;18;36;29;32;11;10;29;29;30;22;38;38;71;57;47;21;13
352440210000049;668;325;343;17;21;25;23;28;27;54;35;49;26;20;22;26;25;17;30;36;45;46;40;30;26;39;47;50;40;58;63;99;81;89;56;46
352440210000050;496;243;253;10;23;14;12;21;18;34;34;38;18;21;11;10;14;24;17;21;22;39;38;33;24;21;33;28;36;38;39;56;73;76;51;45
352440210000052;190;106;84;8;6;6;4;5;4;17;15;18;16;7;4;4;3;6;X;8;12;10;19;10;7;12;10;9;10;6;12;29;25;37;26;14
352440210000053;255;130;125;9;3;16;10;8;6;16;15;16;18;13;7;7;11;9;3;8;18;18;16;18;10;16;10;27;19;11;14;34;33;32;36;23
352440210000054;77;44;33;6;4;5;X;0;X;6;12;X;5;X;X;4;3;X;3;3;7;X;X;5;X;8;8;8;X;3;5;13;14;X;10;4
352440210000055;X;X;X;X;X;X;X;X;X;X;X;X;X;X;X;X;X;X;X;X;X;X;X;X;X;X;X;X;X;X;X;X;X;X;X;X
352440210000056;120;61;59;X;4;5;5;4;4;7;6;10;5;9;4;3;4;4;X;0;11;9;9;7;6;6;7;9;9;6;4;18;15;19;12;15
352440210000058;583;259;324;29;26;24;27;27;25;49;20;21;8;3;24;27;22;22;31;23;45;52;35;33;10;53;53;46;49;58;48;94;72;56;41;13
352440210000059;516;243;273;25;22;19;22;22;18;39;25;22;19;10;16;28;16;27;20;22;45;28;39;14;18;41;50;35;49;42;40;84;53;61;33;28
352440210000060;410;202;208;13;16;20;8;12;7;22;34;36;21;13;10;17;8;13;14;9;29;45;25;21;17;23;33;28;21;26;16;51;79;61;42;30
352440210000061;108;53;55;3;5;X;6;5;3;6;9;3;8;3;6;5;3;4;X;3;7;9;9;6;X;9;10;5;10;6;6;13;18;12;14;5
352440210000062;728;377;351;18;22;26;31;34;25;62;51;55;40;13;25;21;11;16;18;35;61;51;52;39;22;43;43;37;47;52;60;123;102;107;79;35
352440210000063;882;426;456;27;19;31;35;30;39;64;57;63;42;19;30;16;21;30;40;42;55;62;89;49;22;57;35;52;65;70;81;119;119;152;91;41
352440210000064;481;245;236;9;8;11;16;22;18;26;37;48;27;23;10;9;15;16;11;22;31;44;32;25;21;19;17;26;32;33;40;57;81;80;52;44
352440210000065;405;210;195;22;29;18;13;11;13;40;22;27;14;X;19;17;21;19;9;15;36;21;28;10;0;41;46;39;32;20;28;76;43;55;24;X
352440210000067;647;308;339;15;18;21;23;25;19;52;50;48;23;14;13;18;18;24;23;24;53;57;44;40;25;28;36;39;47;48;43;105;107;92;63;39
352440210000068;506;247;259;13;19;23;18;17;13;44;34;22;34;10;15;16;14;15;11;20;53;35;27;32;21;28;35;37;33;28;33;97;69;49;66;31
352440210000069;45;27;18;X;X;3;X;5;3;X;X;5;5;0;0;0;0;X;X;X;3;3;7;0;X;X;X;3;X;6;5;4;5;12;5;X
352440210000070;45;19;26;0;0;X;0;X;0;3;5;4;5;0;0;3;X;X;0;X;X;3;6;7;0;0;3;3;X;X;X;4;8;10;12;0
352440210000071;45;27;18;0;X;0;X;0;0;4;X;6;5;6;X;0;0;0;0;0;X;5;4;3;X;X;X;0;X;0;0;6;7;10;8;8
